"ID","ACTIVITY_TIME","USER","ACTIVITY"
1,"2016-11-26 04:49:25","Peter","add employee"
2,"2016-11-26 05:40:34","Ramy","add dept"
3,"2016-11-26 10:14:40","Kishor","add dept"
4,"2016-11-26 13:48:42","Peter","add dept"
5,"2016-11-26 17:57:43","Kishor","add dept"
6,"2016-11-26 11:22:52","david","add employee"
7,"2016-11-26 15:59:59","david","del employee"
8,"2016-11-26 08:51:14","Rebbeca","add employee"
9,"2016-11-26 09:13:18","Rebbeca","add employee"
10,"2016-11-26 15:50:24","Rebbeca","del employee"
11,"2016-11-26 14:29:25","Rebbeca","del employee"
12,"2016-11-26 04:36:49","Rick","del employee"
13,"2016-11-26 09:10:51","Rick","del employee"
14,"2016-11-26 11:43:59","Rick","add dept"
15,"2016-11-26 10:43:03","Rick","add dept"
